layers;3;3;4
-4.878107023189912; 1.5025942881727201; 2.4745803055565223; 0.9019229189881364; 
2.2575498837797974; 1.7757450101281764; -1.6784047566172433; -2.551199724285094; 
-1.0033763884086493; 5.358489349233696; -1.8185405897012619; -2.1461605927619645; 
;;;
-4.756724786448204; -0.18128474954333118; -4.55617042680858; 2.240581995455311; 
-4.416293658145737; 3.2277021045679715; 4.047582775664963; -3.6423534344886406; 
3.6720153899510772; -4.055034253932099; -3.3878004305075633; -0.9806687349337105; 
2.39401114768357; -1.3992704598465033; 3.717678089784145; -4.180209079656317; 
