layers;3;3;4
-4.878107023189887;1.5025942881726984;2.474580305556519;0.9019229189881346
2.25754988377985;1.7757450101281096;-1.6784047566172402;-2.5511997242850786
-1.003376388408647;5.358489349233729;-1.8185405897012616;-2.146160592761973
;;;
-4.756724786448183;-0.18128474954324403;-4.556170426808616;2.2405819954552832
-4.4162936581457215;3.2277021045679257;4.047582775665006;-3.6423534344886628
3.6720153899510533;-4.055034253932098;-3.3878004305075797;-0.9806687349336859
2.3940111476835453;-1.3992704598465753;3.717678089784167;-4.180209079656295
